<?xml version="1.0" encoding="UTF-8"?>
<beans xmlns="http://www.springframework.org/schema/beans"
	xmlns:xsi="http://www.w3.org/2001/XMLSchema-instance"
	xmlns:context="http://www.springframework.org/schema/context"
	xmlns:mvc="http://www.springframework.org/schema/mvc"
	xsi:schemaLocation="
	http://www.springframework.org/schema/mvc http://www.springframework.org/schema/mvc/spring-mvc-4.2.xsd
	http://www.springframework.org/schema/beans http://www.springframework.org/schema/beans/spring-beans.xsd
	http://www.springframework.org/schema/context http://www.springframework.org/schema/context/spring-context-4.2.xsd">
	
	<mvc:annotation-driven />	
	<mvc:resources mapping="/assets/**" location="/assets/"/>
	
	<context:component-scan base-package="com.girinuaha.maven.controller"></context:component-scan>
	
	<bean class="org.springframework.web.servlet.view.InternalResourceViewResolver">
		<property name="prefix">
			<value>/WEB-INF/</value>
		</property>
		<property name="suffix">
			<value>.jsp</value>
		</property>
	</bean>
	
	<!-- <bean id="address" class="com.girinuaha.maven.controller.Address"></bean> -->
	
	<!-- <bean id="myBean" class="com.girinuaha.maven.controller.MyBean">
		<property name="name" value="Mas Mas Tepi Jalan"/>
		<property name="address" ref="address"/>
	</bean> -->
</beans>
